<?xml version="1.0" encoding="UTF-8" standalone="yes"?>
<addon id="resource.GTKing Prime" name="[B][COLOR dodgerblue]GTKING[/COLOR] [COLOR green]WIZARD[/COLOR][/B]" version="2.1" provider-name="[COLOR green]beelinkgtking2[/COLOR]">
       <extension point="xbmc.addon.repository" name="GTKING">
              <info>https://raw.githubusercontent.com/beelinkgtking2/resource.GTKing-Prime/master/addon.xml</info>
              <checksum>https://raw.githubusercontent.com/beelinkgtking2/resource.GTKing-Prime/master/addons.xml.md5</checksum>
              <datadir zip="true">https://raw.githubusercontent.com/beelinkgtking2resource.GTKing-Prime/master/</datadir>
       </extension>
       <extension point="xbmc.addon.metadata">
              <summary>[COLOR dodgerblue]GTKING[/COLOR] [COLOR green]WIZARD[/COLOR]</summary>
              <description lang="es">Revison de la Buil [COLOR dodgerblue]GTKING Prime[/COLOR]</description>
              <disclaimer>Esta revision actualiza la Buil.</disclaimer>
              <platform>all</platform>
       </extension>
</addon>
